<?xml version="1.0" encoding="UTF-8"?>
<project-private xmlns="http://www.netbeans.org/ns/project-private/1">
    <editor-bookmarks xmlns="http://www.netbeans.org/ns/editor-bookmarks/2" lastBookmarkId="0"/>
    <open-files xmlns="http://www.netbeans.org/ns/projectui-open-files/2">
        <group>
            <file>file:/home/martin/Documents/School/Java_Thread_Apps/XORDecryption/src/XORWorker.java</file>
            <file>file:/home/martin/Documents/School/Java_Thread_Apps/XORDecryption/src/res/words</file>
            <file>file:/home/martin/Documents/School/Java_Thread_Apps/XORDecryption/src/DecryptionIOHelper.java</file>
        </group>
    </open-files>
</project-private>
