<?xml version="1.0" encoding="UTF-8"?>
<project-private xmlns="http://www.netbeans.org/ns/project-private/1">
    <editor-bookmarks xmlns="http://www.netbeans.org/ns/editor-bookmarks/2" lastBookmarkId="0"/>
    <open-files xmlns="http://www.netbeans.org/ns/projectui-open-files/2">
        <group>
            <file>file:/home/martin/Documents/School/Java_Thread_Apps/403_KontoVerwaltung/src/bl/Account.java</file>
            <file>file:/home/martin/Documents/School/Java_Thread_Apps/403_KontoVerwaltung/src/ui/AccountListModel.java</file>
            <file>file:/home/martin/Documents/School/Java_Thread_Apps/403_KontoVerwaltung/src/ui/AccountGUI.java</file>
            <file>file:/home/martin/Documents/School/Java_Thread_Apps/403_KontoVerwaltung/src/bl/AccountUser.java</file>
        </group>
    </open-files>
</project-private>
